INSERT INTO PhoneModel 
(modelNumber, modelName, storage, colour, baseCost, dailyCost) VALUES 
('MPUA3LL/A', 'iPhone 14', 128, 'Midnight', 25, 7),
('MPUN3LL/A', 'iPhone 14', 128, 'Starlight', 25, 7),
('MPUX3LL/A', 'iPhone 14', 128, 'Purple', 40, 8.5),
('MPVH3LL/A', 'iPhone 14', 128, 'Blue', 40, 8.5),
('MPXT3LL/A', 'iPhone 14 Pro', 128, 'Space Black', 30, 5.5),
('MQ003LL/A', 'iPhone 14 Pro', 128, 'Silver', 30, 5.5),
('MQ063LL/A', 'iPhone 14 Pro', 128, 'Gold', 30, 5.5),
('ML973LL/A', 'iPhone 13', 128, 'Pink', 25, 5),
('ML9C3LL/A', 'iPhone 13', 128, 'Blue', 25, 5),
('MLA23LL/A', 'iPhone 13', 128, 'Midnight', 25, 5),
('MGEF3LL/A', 'iPhone 12', 64, 'Black', 20, 4),
('MGEG3LL/A', 'iPhone 12', 64, 'White', 20, 4),
('MGEK3LL/A', 'iPhone 12', 64, 'Blue',  25, 5),
('MGEQ3LL/A', 'iPhone 12', 64, 'Green', 25, 5),
('MH8D3LL/A', 'iPhone 11', 64, 'Black', 15, 3),
('MH8E3LL/A', 'iPhone 11', 64, 'White', 15, 3),
('MH8Y3LL/A', 'iPhone 11', 64, 'Black', 15, 3 ),
('MH8K3LL/A', 'iPhone 11', 128, 'Black', 25, 4);

INSERT INTO Phone (modelNumber, modelName, IMEI) VALUES 
('MQ003LL/A','iPhone 14 Pro','892982483541678'),
('MH8Y3LL/A','iPhone 11','377093661263871'),
('MGEQ3LL/A','iPhone 12','911863857141252'),
('MH8K3LL/A','iPhone 11','653400919056178'),
('MPUX3LL/A','iPhone 14','099663269579030'),
('ML9C3LL/A','iPhone 13','462343095072034'),
('MPUX3LL/A','iPhone 14','812926040226627'),
('MH8D3LL/A','iPhone 11','925301657288530'),
('ML973LL/A','iPhone 13','798728635533088'),
('MH8E3LL/A','iPhone 11','796408665964527'),
('MH8Y3LL/A','iPhone 11','253389271427081'),
('MQ063LL/A','iPhone 14 Pro','983948135387638'),
('MPUN3LL/A','iPhone 14','896710807275400'),
('MH8K3LL/A','iPhone 11','412378296262738'),
('MQ003LL/A','iPhone 14 Pro','067003906642388'),
('ML973LL/A','iPhone 13','986090185872891'),
('MQ063LL/A','iPhone 14 Pro','342102125598582'),
('MH8K3LL/A','iPhone 11','526582438150627'),
('MGEK3LL/A','iPhone 12','223432065590578'),
('MPUX3LL/A','iPhone 14','073250277672567'),
('ML973LL/A','iPhone 13','601371135810610'),
('MH8K3LL/A','iPhone 11','338437576949942'),
('MGEQ3LL/A','iPhone 12','173105863781751'),
('MPUX3LL/A','iPhone 14','501301997215260'),
('MQ063LL/A','iPhone 14 Pro','285751980245868'),
('MH8K3LL/A','iPhone 11','314123213680086'),
('MH8E3LL/A','iPhone 11','531405064022444'),
('ML9C3LL/A','iPhone 13','354951637273695'),
('MH8K3LL/A','iPhone 11','922006862796895'),
('MH8Y3LL/A','iPhone 11','936004616440468'),
('MGEK3LL/A','iPhone 12','162546545225472'),
('MGEG3LL/A','iPhone 12','122775457970663'),
('MGEQ3LL/A','iPhone 12','339193059045588'),
('MPUX3LL/A','iPhone 14','227344136012902'),
('MH8K3LL/A','iPhone 11','172374361687933'),
('MQ003LL/A','iPhone 14 Pro','567497214513056'),
('MH8D3LL/A','iPhone 11','067648394621482'),
('ML973LL/A','iPhone 13','735628098560527'),
('MPUA3LL/A','iPhone 14','918319124797668'),
('MQ003LL/A','iPhone 14 Pro','574104030322081'),
('MQ003LL/A','iPhone 14 Pro','637511502870972'),
('MH8Y3LL/A','iPhone 11','566820379839217'),
('MGEF3LL/A','iPhone 12','209947422765041'),
('MQ003LL/A','iPhone 14 Pro','325547519666398'),
('MQ003LL/A','iPhone 14 Pro','321422914471261'),
('MH8D3LL/A','iPhone 11','197999429982594'),
('MGEF3LL/A','iPhone 12','754870299725584'),
('MQ003LL/A','iPhone 14 Pro','812114951907275'),
('MPVH3LL/A','iPhone 14','140620770433593'),
('ML973LL/A','iPhone 13','605119329892225'),
('MPUN3LL/A','iPhone 14','317002771561291'),
('MH8Y3LL/A','iPhone 11','676733765059521'),
('MQ063LL/A','iPhone 14 Pro','361312888206309'),
('ML9C3LL/A','iPhone 13','118571567980213'),
('MLA23LL/A','iPhone 13','457049202815739'),
('MH8K3LL/A','iPhone 11','563377639878231'),
('MH8E3LL/A','iPhone 11','126274561668625'),
('MLA23LL/A','iPhone 13','962209272902514'),
('MGEQ3LL/A','iPhone 12','887123047386329'),
('MPUX3LL/A','iPhone 14','367813163624342'),
('MGEQ3LL/A','iPhone 12','802077254062209'),
('MPXT3LL/A','iPhone 14 Pro','580455985837511'),
('ML973LL/A','iPhone 13','201092081280558'),
('MH8Y3LL/A','iPhone 11','898846255561012'),
('MH8Y3LL/A','iPhone 11','353642471032666'),
('MPXT3LL/A','iPhone 14 Pro','791096277958048'),
('ML9C3LL/A','iPhone 13','332775527701458'),
('ML973LL/A','iPhone 13','449477874793887'),
('MGEF3LL/A','iPhone 12','941971048977049'),
('MGEF3LL/A','iPhone 12','640748585362973'),
('MQ003LL/A','iPhone 14 Pro','525915145229956'),
('MPUX3LL/A','iPhone 14','144505004210394'),
('MH8D3LL/A','iPhone 11','577178342400725'),
('MPUA3LL/A','iPhone 14','164499543668582'),
('MGEQ3LL/A','iPhone 12','010270547592383'),
('MH8Y3LL/A','iPhone 11','256192954835415'),
('MPUX3LL/A','iPhone 14','985482955486484'),
('MH8Y3LL/A','iPhone 11','702063030933328'),
('MPUX3LL/A','iPhone 14','255416592340970'),
('MPUX3LL/A','iPhone 14','259715471737545'),
('MPUN3LL/A','iPhone 14','697745387403254'),
('MGEK3LL/A','iPhone 12','014237369878402'),
('MPVH3LL/A','iPhone 14','427829283924063'),
('MPUA3LL/A','iPhone 14','354368343501956'),
('MPUN3LL/A','iPhone 14','066435462780916'),
('MGEQ3LL/A','iPhone 12','510086111482081'),
('MGEQ3LL/A','iPhone 12','171835353986674'),
('MH8D3LL/A','iPhone 11','547602385444966'),
('MGEG3LL/A','iPhone 12','865369246975224'),
('MQ003LL/A','iPhone 14 Pro','755118596396876'),
('MH8K3LL/A','iPhone 11','002557749040470'),
('MH8D3LL/A','iPhone 11','859128511515257'),
('MGEK3LL/A','iPhone 12','948507538152389'),
('MLA23LL/A','iPhone 13','572924893627611'),
('MH8D3LL/A','iPhone 11','310905871484908'),
('MPXT3LL/A','iPhone 14 Pro','040254728771598'),
('ML9C3LL/A','iPhone 13','275856235679100'),
('MH8Y3LL/A','iPhone 11','995397354508183');


INSERT INTO Customer VALUES 
(101,'Sophia Rodriguez','sr@email.com'),
(102,'Malik Johnson','mal20@gmail.com'),
(103,'Isabella Chen','issa@yahoo.org'),
(201,'Jackson Patel','jpat@uwa.edu.au'),
(205,'Aaliyah Smith','aasmith@me.com'),
(208,'Liam Kim','1489@live.cn'),
(307,'Olivia González','ogg@mail.es'),
(315,'Elijah Nguyen','en@163.cn'),
(318,'Ava Martinez','amart@email.mx'),
(340,'Noah Gupta','gupman@aol.in'),
(345,'Mia Sullivan','sulli@aol.com'),
(456,'Luca O"Connor','loconn@gmail.com'),
(500,'Harper Santos','santoh@rocketmail.info'),
(501,'Ethan Williams','ethan@research.uwa.edu.au'),
(502,'Zoe Ahmed','zahm@outlook.biz'),
(503,'Caleb Singh','calsin@fastmail.in'),
(504,'Grace Li','leester@zoho.asia'),
(505,'Benjamin Hernandez','bhern@yandex.kr'),
(506,'Layla Murphy','lam@icloud.tv'),
(518,'William Das','wdass@budgie.ca');